team_id,team_name_x,shots_total,shots_on,goals_total,goals_conceded,goals_assists,goals_saves,passes_total,passes_key,tackles_total,tackles_blocks,tackles_interceptions,duels_total,duels_won,dribbles_attempts,dribbles_success,fouls_drawn,fouls_committed,cards_yellow,cards_yellowred,cards_red,penalty_scored,penalty_missed,penalty_saved,games_rating,passes_accuracy,ball_possession_total,shots_on_goal_total,shots_off_goal_total,total_shots_total,blocked_shots_total,shots_insidebox_total,shots_outsidebox_total,fouls_total,corner_kicks_total,offsides_total,yellow_cards_total,red_cards_total,goalkeeper_saves_total,total_passes_total,passes_accurate_total,statistics_league_id,statistics_league_name,statistics_league_country,statistics_league_logo,statistics_league_flag,statistics_league_season,statistics_team_id,statistics_team_name,statistics_team_logo,statistics_form,statistics_fixtures_played_home,statistics_fixtures_played_away,statistics_fixtures_played_total,statistics_fixtures_wins_home,statistics_fixtures_wins_away,statistics_fixtures_wins_total,statistics_fixtures_draws_home,statistics_fixtures_draws_away,statistics_fixtures_draws_total,statistics_fixtures_loses_home,statistics_fixtures_loses_away,statistics_fixtures_loses_total,statistics_goals_for_total_home,statistics_goals_for_total_away,statistics_goals_for_total_total,statistics_goals_for_average_home,statistics_goals_for_average_away,statistics_goals_for_average_total,statistics_goals_for_minute_0-15_total,statistics_goals_for_minute_0-15_percentage,statistics_goals_for_minute_16-30_total,statistics_goals_for_minute_16-30_percentage,statistics_goals_for_minute_31-45_total,statistics_goals_for_minute_31-45_percentage,statistics_goals_for_minute_46-60_total,statistics_goals_for_minute_46-60_percentage,statistics_goals_for_minute_61-75_total,statistics_goals_for_minute_61-75_percentage,statistics_goals_for_minute_76-90_total,statistics_goals_for_minute_76-90_percentage,statistics_goals_for_minute_91-105_total,statistics_goals_for_minute_91-105_percentage,statistics_goals_for_minute_106-120_total,statistics_goals_for_minute_106-120_percentage,statistics_goals_for_under_over_0.5_over,statistics_goals_for_under_over_0.5_under,statistics_goals_for_under_over_1.5_over,statistics_goals_for_under_over_1.5_under,statistics_goals_for_under_over_2.5_over,statistics_goals_for_under_over_2.5_under,statistics_goals_for_under_over_3.5_over,statistics_goals_for_under_over_3.5_under,statistics_goals_for_under_over_4.5_over,statistics_goals_for_under_over_4.5_under,statistics_goals_against_total_home,statistics_goals_against_total_away,statistics_goals_against_total_total,statistics_goals_against_average_home,statistics_goals_against_average_away,statistics_goals_against_average_total,statistics_goals_against_minute_0-15_total,statistics_goals_against_minute_0-15_percentage,statistics_goals_against_minute_16-30_total,statistics_goals_against_minute_16-30_percentage,statistics_goals_against_minute_31-45_total,statistics_goals_against_minute_31-45_percentage,statistics_goals_against_minute_46-60_total,statistics_goals_against_minute_46-60_percentage,statistics_goals_against_minute_61-75_total,statistics_goals_against_minute_61-75_percentage,statistics_goals_against_minute_76-90_total,statistics_goals_against_minute_76-90_percentage,statistics_goals_against_minute_91-105_total,statistics_goals_against_minute_91-105_percentage,statistics_goals_against_minute_106-120_total,statistics_goals_against_minute_106-120_percentage,statistics_goals_against_under_over_0.5_over,statistics_goals_against_under_over_0.5_under,statistics_goals_against_under_over_1.5_over,statistics_goals_against_under_over_1.5_under,statistics_goals_against_under_over_2.5_over,statistics_goals_against_under_over_2.5_under,statistics_goals_against_under_over_3.5_over,statistics_goals_against_under_over_3.5_under,statistics_goals_against_under_over_4.5_over,statistics_goals_against_under_over_4.5_under,statistics_biggest_streak_wins,statistics_biggest_streak_draws,statistics_biggest_streak_loses,statistics_biggest_wins_home,statistics_biggest_wins_away,statistics_biggest_loses_home,statistics_biggest_loses_away,statistics_biggest_goals_for_home,statistics_biggest_goals_for_away,statistics_biggest_goals_against_home,statistics_biggest_goals_against_away,statistics_clean_sheet_home,statistics_clean_sheet_away,statistics_clean_sheet_total,statistics_failed_to_score_home,statistics_failed_to_score_away,statistics_failed_to_score_total,statistics_penalty_scored_total,statistics_penalty_scored_percentage,statistics_penalty_missed_total,statistics_penalty_missed_percentage,statistics_penalty_total,statistics_lineups,statistics_cards_yellow_0-15_total,statistics_cards_yellow_0-15_percentage,statistics_cards_yellow_16-30_total,statistics_cards_yellow_16-30_percentage,statistics_cards_yellow_31-45_total,statistics_cards_yellow_31-45_percentage,statistics_cards_yellow_46-60_total,statistics_cards_yellow_46-60_percentage,statistics_cards_yellow_61-75_total,statistics_cards_yellow_61-75_percentage,statistics_cards_yellow_76-90_total,statistics_cards_yellow_76-90_percentage,statistics_cards_yellow_91-105_total,statistics_cards_yellow_91-105_percentage,statistics_cards_yellow_106-120_total,statistics_cards_yellow_106-120_percentage,statistics_cards_red_0-15_total,statistics_cards_red_0-15_percentage,statistics_cards_red_16-30_total,statistics_cards_red_16-30_percentage,statistics_cards_red_31-45_total,statistics_cards_red_31-45_percentage,statistics_cards_red_46-60_total,statistics_cards_red_46-60_percentage,statistics_cards_red_61-75_total,statistics_cards_red_61-75_percentage,statistics_cards_red_76-90_total,statistics_cards_red_76-90_percentage,statistics_cards_red_91-105_total,statistics_cards_red_91-105_percentage,statistics_cards_red_106-120_total,statistics_cards_red_106-120_percentage,statistics_cards_red__total,statistics_cards_red__percentage,statistics_cards_yellow__total,statistics_cards_yellow__percentage,Wins,Draws,Losses,peligro_ofensivo,creacion_peligro,solidez_defensiva,indice_faltas,efectivida_puerta,solidez_portero,resiliencia
2278,Guadalajara Chivas,368,168,44,37,39,97,15421,406,723,110,252,3579,1779,648,320,362,444,73,3,3,5,1,0,6.830575125,40.0,0.53777777777778,76,117,248,55,161,87,229,98,40,30,2,55,7787,6410,262,Liga MX,Mexico,https://media.api-sports.io/football/leagues/262.png,https://media.api-sports.io/flags/mx.svg,2024,2278,Guadalajara Chivas,https://media.api-sports.io/football/teams/2278.png,DLWWDWLWLDLWWLDWLLWLDLDWLWLWDDLLDWD,18,17,35,8,4,12,6,4,10,4,9,13,24,19,43,1.3,1.1,1.2,2,4.65%,8,18.60%,7,16.28%,10,23.26%,6,13.95%,4,9.30%,6,13.95%,0.0,0,27,8,12,23,2,33,1,34,1,34,14,24,38,0.8,1.4,1.1,5,13.16%,2,5.26%,5,13.16%,9,23.68%,7,18.42%,6,15.79%,4,10.53%,0.0,0,23,12,9,26,5,30,1,34,0,35,2,2,2,5-0,0-2,02-mar,04-feb,5,2,3,4,8,4,12,5,3,8,4,80.00%,1,20.00%,5,"[{'formation': '4-2-3-1', 'played': 10}, {'formation': '4-1-4-1', 'played': 7}, {'formation': '3-4-2-1', 'played': 5}, {'formation': '5-3-2', 'played': 3}, {'formation': '4-1-3-2', 'played': 2}, {'formation': '4-4-2', 'played': 2}, {'formation': '4-3-3', 'played': 2}, {'formation': '3-4-1-2', 'played': 1}, {'formation': '3-4-3', 'played': 1}, {'formation': '4-3-1-2', 'played': 1}]",5,6.41%,5,6.41%,8,10.26%,15,19.23%,9,11.54%,22,28.21%,14,17.95%,0.0,0.0,0.0,0,0.0,0,0.0,0,0.0,0,1.0,12.50%,4.0,50.00%,2.0,25.00%,0.0,0.0,1.0,12.50%,0.0,0,12,10,13,0.3541528239202658,0.6577948594763392,0.5018680589779931,0.5395844142696244,0.4474022040156935,0.606145460909568,0.2802287581699347
2279,Tigres UANL,449,188,47,44,34,137,17928,463,689,120,369,3735,1914,616,287,498,465,74,1,5,5,2,0,6.90299975,43.5,0.52210526315789,102,135,315,78,185,130,227,118,30,35,2,59,8539,7129,262,Liga MX,Mexico,https://media.api-sports.io/football/leagues/262.png,https://media.api-sports.io/flags/mx.svg,2024,2279,Tigres UANL,https://media.api-sports.io/football/teams/2279.png,WDWWDWWLWDWLLWWWDLDWWDWLWWLLWWWLDWDWDDDL,20,20,40,14,6,20,5,6,11,1,8,9,32,20,52,1.6,1.0,1.3,5,10.20%,4,8.16%,7,14.29%,14,28.57%,5,10.20%,11,22.45%,3,6.12%,0.0,0,28,12,17,23,6,34,1,39,0,40,14,24,38,0.7,1.2,1.0,4,9.76%,3,7.32%,8,19.51%,8,19.51%,5,12.20%,8,19.51%,5,12.20%,0.0,0,26,14,7,33,4,36,1,39,0,40,3,3,2,4-0,0-3,0-1,3-0,4,3,2,4,8,6,14,2,10,12,5,83.33%,1,16.67%,6,"[{'formation': '4-2-3-1', 'played': 29}, {'formation': '3-4-2-1', 'played': 4}, {'formation': '4-4-2', 'played': 2}, {'formation': '5-3-2', 'played': 2}, {'formation': '3-4-3', 'played': 2}, {'formation': '4-3-3', 'played': 1}]",2,2.63%,7,9.21%,13,17.11%,13,17.11%,9,11.84%,16,21.05%,16,21.05%,0.0,0.0,0.0,0,0.0,0,1.0,16.67%,1.0,16.67%,1.0,16.67%,0.0,0,3.0,50.00%,0.0,0.0,0.0,0,0.0,0,20,11,9,0.5833269421078673,0.6535070862358874,0.6133777126811117,0.5534527835013894,0.3812853392568658,1.0,0.8174019607843137
2280,Club Tijuana,431,202,61,65,39,130,19622,419,716,106,360,3937,1975,687,332,464,489,70,0,3,7,0,0,6.801831974,45.66666667,0.61142857142857,108,108,278,62,154,124,263,95,29,32,1,66,11291,9610,262,Liga MX,Mexico,https://media.api-sports.io/football/leagues/262.png,https://media.api-sports.io/flags/mx.svg,2024,2280,Club Tijuana,https://media.api-sports.io/football/teams/2280.png,WWLDWDWLLWWWDDLDWDWWLLDWLLLLLWLLLWLWWW,20,18,38,11,5,16,3,4,7,6,9,15,43,18,61,2.2,1.0,1.6,7,10.77%,12,18.46%,8,12.31%,16,24.62%,7,10.77%,8,12.31%,5,7.69%,2.0,3.08%,30,8,21,17,7,31,3,35,0,38,34,31,65,1.7,1.7,1.7,6,9.09%,8,12.12%,11,16.67%,11,16.67%,9,13.64%,10,15.15%,8,12.12%,3.0,4.55%,32,6,19,19,9,29,5,33,0,38,3,2,5,3-0,0-4,0-3,4-0,4,4,4,4,3,3,6,1,7,8,9,75.00%,3,25.00%,12,"[{'formation': '4-2-3-1', 'played': 21}, {'formation': '4-1-4-1', 'played': 4}, {'formation': '4-4-2', 'played': 4}, {'formation': '3-4-3', 'played': 3}, {'formation': '3-2-4-1', 'played': 2}, {'formation': '5-3-2', 'played': 1}, {'formation': '3-4-2-1', 'played': 1}, {'formation': '4-3-3', 'played': 1}, {'formation': '5-4-1', 'played': 1}]",3,4.17%,11,15.28%,11,15.28%,10,13.89%,12,16.67%,12,16.67%,12,16.67%,0.0,0.0,0.0,0,0.0,0,0.0,0,0.0,0,1.0,33.33%,2.0,66.67%,0.0,0,0.0,0.0,0.0,0,1.0,1.39%,16,7,15,0.28833582776882327,0.5594017472217658,0.5234738913435986,0.8097326477979754,0.6699738279563012,0.10854147394387925,0.40318627450980393
2281,Toluca,458,243,84,47,64,112,18765,452,766,121,367,3593,1839,583,285,400,470,93,0,5,4,0,0,6.861736176,43.0,0.52052631578947,99,93,243,51,143,84,195,90,31,37,3,70,8334,7046,262,Liga MX,Mexico,https://media.api-sports.io/football/leagues/262.png,https://media.api-sports.io/flags/mx.svg,2024,2281,Toluca,https://media.api-sports.io/football/teams/2281.png,DWWDWWWDLWDWWWDLWLLWDLDWDWWWLWWWWWWDLWDWDW,21,21,42,16,8,24,4,7,11,1,6,7,56,33,89,2.7,1.6,2.1,10,11.63%,13,15.12%,13,15.12%,20,23.26%,10,11.63%,17,19.77%,3,3.49%,0.0,0,36,6,26,16,16,26,8,34,3,39,19,28,47,0.9,1.3,1.1,7,14.00%,6,12.00%,5,10.00%,15,30.00%,8,16.00%,6,12.00%,3,6.00%,0.0,0,28,14,16,26,3,39,0,42,0,42,6,1,2,5-0,0-4,0-2,3-0,5,4,2,3,8,6,14,1,5,6,4,80.00%,1,20.00%,5,"[{'formation': '4-2-3-1', 'played': 27}, {'formation': '4-4-2', 'played': 6}, {'formation': '5-3-2', 'played': 3}, {'formation': '3-4-2-1', 'played': 2}, {'formation': '5-4-1', 'played': 1}, {'formation': '3-4-3', 'played': 1}, {'formation': '3-5-2', 'played': 1}]",4,4.76%,7,8.33%,17,20.24%,18,21.43%,12,14.29%,15,17.86%,11,13.10%,0.0,0.0,0.0,0,1.0,20.00%,0.0,0,0.0,0,1.0,20.00%,2.0,40.00%,0.0,0,0.0,0.0,1.0,20.00%,0.0,0,24,11,7,0.0,0.5140523660821525,0.5731968057148213,0.20961671516406533,0.912669030096332,0.41511340300877175,0.7079248366013072
2282,Monterrey,580,260,79,57,57,128,22138,529,793,125,397,4418,2266,839,399,529,521,81,0,8,10,2,0,6.915784811,43.71428571,0.54739130434782,104,140,312,68,185,127,243,97,39,41,3,74,10993,9292,262,Liga MX,Mexico,https://media.api-sports.io/football/leagues/262.png,https://media.api-sports.io/flags/mx.svg,2024,2282,Monterrey,https://media.api-sports.io/football/teams/2282.png,WLWWWDLWWDDLWDLWWWWLWLDDDLDWLWWLWDWLWLWWLWWL,23,21,44,14,8,22,4,5,9,5,8,13,45,34,79,2.0,1.6,1.8,11,13.92%,9,11.39%,12,15.19%,17,21.52%,12,15.19%,13,16.46%,5,6.33%,0.0,0,39,5,20,24,12,32,6,38,2,42,28,29,57,1.2,1.4,1.3,4,7.02%,8,14.04%,9,15.79%,7,12.28%,9,15.79%,18,31.58%,2,3.51%,0.0,0,33,11,19,25,4,40,1,43,0,44,4,3,1,05-ene,03-may,0-4,02-ene,5,5,4,3,7,4,11,3,2,5,9,90.00%,1,10.00%,10,"[{'formation': '4-2-3-1', 'played': 18}, {'formation': '4-1-4-1', 'played': 7}, {'formation': '4-3-3', 'played': 6}, {'formation': '4-3-1-2', 'played': 5}, {'formation': '4-4-2', 'played': 4}, {'formation': '3-5-2', 'played': 2}, {'formation': '4-1-3-2', 'played': 1}, {'formation': '4-5-1', 'played': 1}]",2,2.44%,12,14.63%,13,15.85%,8,9.76%,12,14.63%,25,30.49%,10,12.20%,0.0,0.0,1.0,16.67%,0.0,0,0.0,0,0.0,0,1.0,16.67%,2.0,33.33%,2.0,33.33%,0.0,0.0,0.0,0,0.0,0,22,9,13,0.4008318425760282,0.7302972069967029,0.7563876248235184,0.5433147553295818,0.6803370044737167,0.3051538806930987,0.5727124183006537
2283,Atlas,338,123,42,59,27,110,12737,306,572,116,379,3469,1661,461,173,447,453,76,1,5,5,1,2,6.697554129,42.0,0.45578947368421,56,117,226,53,136,90,229,93,18,38,2,59,7022,5587,262,Liga MX,Mexico,https://media.api-sports.io/football/leagues/262.png,https://media.api-sports.io/flags/mx.svg,2024,2283,Atlas,https://media.api-sports.io/football/teams/2283.png,DDWWWLWLLLWDDDLDDWLDLDDDLWLLWWLLDLWD,17,19,36,5,5,10,7,6,13,5,8,13,23,21,44,1.4,1.1,1.2,3,6.98%,5,11.63%,9,20.93%,6,13.95%,9,20.93%,6,13.95%,5,11.63%,0.0,0,24,12,14,22,5,31,1,35,0,36,25,34,59,1.5,1.8,1.6,8,13.33%,8,13.33%,10,16.67%,13,21.67%,11,18.33%,7,11.67%,3,5.00%,0.0,0,28,8,18,18,10,26,3,33,0,36,3,3,3,03-ene,03-abr,0-4,4-0,3,4,4,4,4,4,8,4,8,12,5,83.33%,1,16.67%,6,"[{'formation': '4-2-3-1', 'played': 15}, {'formation': '5-4-1', 'played': 4}, {'formation': '5-3-2', 'played': 3}, {'formation': '3-4-2-1', 'played': 3}, {'formation': '3-5-2', 'played': 3}, {'formation': '3-4-3', 'played': 2}, {'formation': '3-1-4-2', 'played': 2}, {'formation': '3-4-1-2', 'played': 2}, {'formation': '3-5-1-1', 'played': 1}, {'formation': '4-1-3-2', 'played': 1}]",3,3.80%,15,18.99%,3,3.80%,17,21.52%,11,13.92%,20,25.32%,10,12.66%,0.0,0.0,0.0,0,1.0,20.00%,0.0,0,1.0,20.00%,1.0,20.00%,0.0,0,1.0,20.00%,0.0,0.0,1.0,20.00%,0.0,0,10,13,13,1.0,0.12611097766034107,0.24380061172527911,0.46088803398252787,0.8892563733795658,0.0,0.4701797385620915
2285,Santos Laguna,325,134,27,66,18,132,14902,278,633,182,330,3563,1838,500,234,527,439,79,0,6,3,0,0,6.7030506,0.0,0.47941176470588,60,81,179,38,90,89,188,76,23,50,3,70,6958,5774,262,Liga MX,Mexico,https://media.api-sports.io/football/leagues/262.png,https://media.api-sports.io/flags/mx.svg,2024,2285,Santos Laguna,https://media.api-sports.io/football/teams/2285.png,LDLLLDWLWLLLDDLLLLLLLLLDLWLWLLLLLL,17,17,34,4,0,4,3,2,5,10,15,25,15,12,27,0.9,0.7,0.8,2,6.45%,5,16.13%,7,22.58%,3,9.68%,5,16.13%,5,16.13%,4,12.90%,0.0,0,18,16,8,26,1,33,0,34,0,34,30,36,66,1.8,2.1,1.9,6,9.68%,6,9.68%,5,8.06%,17,27.42%,15,24.19%,8,12.90%,5,8.06%,0.0,0,31,3,21,13,11,23,3,31,0,34,1,2,9,2-0,0,0-4,3-0,3,2,4,4,3,0,3,8,8,16,3,100.00%,0,0%,3,"[{'formation': '4-2-3-1', 'played': 24}, {'formation': '5-3-2', 'played': 5}, {'formation': '4-4-2', 'played': 3}, {'formation': '3-4-3', 'played': 1}, {'formation': '4-5-1', 'played': 1}]",4,5.00%,8,10.00%,14,17.50%,12,15.00%,10,12.50%,21,26.25%,11,13.75%,0.0,0.0,0.0,0,0.0,0,1.0,16.67%,2.0,33.33%,0.0,0,2.0,33.33%,1.0,16.67%,0.0,0.0,0.0,0,0.0,0,4,5,25,0.6262782020131898,0.07062214748979079,0.606884441553329,0.32593242153798285,0.11188378583656822,0.10854147394387925,0.5592320261437909
2286,U.N.A.M. - Pumas,353,156,47,39,29,79,15241,371,718,93,309,3680,1830,585,281,394,504,91,1,2,7,2,3,6.788124324,41.0,0.50105263157895,96,117,285,72,168,117,237,98,26,43,0,45,8008,6578,262,Liga MX,Mexico,https://media.api-sports.io/football/leagues/262.png,https://media.api-sports.io/flags/mx.svg,2024,2286,U.N.A.M. - Pumas,https://media.api-sports.io/football/teams/2286.png,WDWWLLLWWWDWDLDWWLLWLDDWWLLLLWLWLDWLDL,18,20,38,9,6,15,3,5,8,6,9,15,24,24,48,1.3,1.2,1.3,4,7.84%,8,15.69%,3,5.88%,10,19.61%,8,15.69%,11,21.57%,5,9.80%,2.0,3.92%,28,10,14,24,5,33,1,37,0,38,19,29,48,1.1,1.5,1.3,6,12.50%,6,12.50%,9,18.75%,13,27.08%,8,16.67%,3,6.25%,2,4.17%,1.0,2.08%,25,13,14,24,6,32,2,36,1,37,3,2,4,04-ene,01-mar,03-may,04-feb,4,3,5,4,9,4,13,5,5,10,8,66.67%,4,33.33%,12,"[{'formation': '5-3-2', 'played': 11}, {'formation': '4-2-3-1', 'played': 9}, {'formation': '5-4-1', 'played': 3}, {'formation': '4-1-4-1', 'played': 2}, {'formation': '4-3-3', 'played': 2}, {'formation': '3-4-2-1', 'played': 2}, {'formation': '3-4-1-2', 'played': 2}, {'formation': '3-5-2', 'played': 2}, {'formation': '4-4-2', 'played': 2}, {'formation': '3-4-3', 'played': 1}, {'formation': '3-5-1-1', 'played': 1}]",10,10.75%,4,4.30%,12,12.90%,20,21.51%,16,17.20%,21,22.58%,10,10.75%,0.0,0.0,0.0,0,0.0,0,1.0,25.00%,2.0,50.00%,0.0,0,1.0,25.00%,0.0,0,0.0,0.0,0.0,0,0.0,0,15,8,15,0.4379628801431128,0.34275636244105345,0.18626935672987477,0.40624878809267106,0.6660964489872001,0.1290669449781383,0.7814542483660131
2287,Club America,573,285,103,53,69,147,22681,564,729,120,465,4638,2357,843,408,615,504,79,0,3,6,1,0,6.923325976,47.5,0.515,122,123,299,54,187,112,227,107,42,37,2,63,10516,8935,262,Liga MX,Mexico,https://media.api-sports.io/football/leagues/262.png,https://media.api-sports.io/flags/mx.svg,2024,2287,Club America,https://media.api-sports.io/football/teams/2287.png,LWLWLLWWDLDWDWWWLDWWDWWDWDWWWWLDWWDWWLDLWDWLWDL,23,24,47,15,9,24,5,7,12,3,8,11,44,34,78,1.9,1.4,1.7,10,12.66%,11,13.92%,9,11.39%,19,24.05%,13,16.46%,9,11.39%,5,6.33%,3.0,3.80%,34,13,25,22,12,35,5,42,2,45,12,30,42,0.5,1.3,0.9,5,10.87%,3,6.52%,6,13.04%,11,23.91%,7,15.22%,10,21.74%,2,4.35%,2.0,4.35%,28,19,8,39,4,43,2,45,0,47,4,1,2,5-0,0-5,02-mar,4-0,5,5,3,4,13,6,19,5,8,13,7,70.00%,3,30.00%,10,"[{'formation': '4-2-3-1', 'played': 19}, {'formation': '5-4-1', 'played': 7}, {'formation': '4-4-2', 'played': 6}, {'formation': '5-3-2', 'played': 4}, {'formation': '4-1-4-1', 'played': 4}, {'formation': '4-3-3', 'played': 3}, {'formation': '3-4-2-1', 'played': 2}, {'formation': '3-5-2', 'played': 1}, {'formation': '3-4-1-2', 'played': 1}]",2,3.03%,10,15.15%,12,18.18%,10,15.15%,8,12.12%,11,16.67%,13,19.70%,0.0,0.0,0.0,0,0.0,0,0.0,0,0.0,0,0.0,0,1.0,33.33%,2.0,66.67%,0.0,0.0,0.0,0,0.0,0,24,12,11,0.14568298653610734,0.7263992313235648,1.0,0.6355406142424012,0.9999999999999998,0.7277910623170953,0.3656045751633987
2288,Necaxa,408,193,35,56,33,115,10543,369,528,96,260,3143,1500,626,279,316,391,59,0,2,4,0,0,6.741428036,0.0,0.38235294117647,82,104,247,61,142,105,201,86,23,29,1,53,5269,3909,262,Liga MX,Mexico,https://media.api-sports.io/football/leagues/262.png,https://media.api-sports.io/flags/mx.svg,2024,2288,Necaxa,https://media.api-sports.io/football/teams/2288.png,LWLDWLWDDDLLLLLDDLWWLLWWWWLLWWWLDWDD,18,18,36,8,5,13,4,5,9,6,8,14,31,27,58,1.7,1.5,1.6,8,13.56%,4,6.78%,13,22.03%,8,13.56%,11,18.64%,10,16.95%,5,8.47%,0.0,0,28,8,19,17,9,27,2,34,0,36,25,32,57,1.4,1.8,1.6,2,3.57%,9,16.07%,7,12.50%,16,28.57%,7,12.50%,9,16.07%,6,10.71%,0.0,0,26,10,16,20,8,28,3,33,3,33,4,3,5,04-ene,0-4,03-may,06-feb,4,4,5,6,5,5,10,3,5,8,4,100.00%,0,0%,4,"[{'formation': '4-2-3-1', 'played': 11}, {'formation': '3-4-2-1', 'played': 11}, {'formation': '3-4-3', 'played': 5}, {'formation': '3-4-1-2', 'played': 4}, {'formation': '5-3-2', 'played': 2}, {'formation': '4-3-1-2', 'played': 1}, {'formation': '3-5-1-1', 'played': 1}]",3,4.55%,8,12.12%,14,21.21%,6,9.09%,6,9.09%,21,31.82%,8,12.12%,0.0,0.0,0.0,0,1.0,50.00%,0.0,0,0.0,0,0.0,0,1.0,50.00%,0.0,0,0.0,0.0,0.0,0,0.0,0,13,9,14,0.2655440414507768,0.4262551044919529,0.29442031691301995,0.7186469004607823,0.0,0.15142504735474205,0.5927287581699346
2289,Leon,343,161,49,45,34,134,14164,355,635,98,286,3238,1618,485,235,376,439,77,0,8,3,3,0,6.771659111,40.5,0.49941176470588,76,83,210,51,116,94,217,88,27,38,4,68,6634,5309,262,Liga MX,Mexico,https://media.api-sports.io/football/leagues/262.png,https://media.api-sports.io/flags/mx.svg,2024,2289,Leon,https://media.api-sports.io/football/teams/2289.png,LDDDDLLLWDDWDWDDLWWWWWDWDWWLLLDWLLLL,18,18,36,7,5,12,7,5,12,4,8,12,22,26,48,1.2,1.4,1.3,12,23.53%,5,9.80%,6,11.76%,8,15.69%,12,23.53%,6,11.76%,2,3.92%,0.0,0,31,5,13,23,3,33,1,35,0,36,17,32,49,0.9,1.8,1.4,5,10.87%,5,10.87%,10,21.74%,9,19.57%,4,8.70%,10,21.74%,3,6.52%,0.0,0,28,8,17,19,3,33,1,35,0,36,5,4,3,4-0,02-mar,0-2,04-ene,4,3,3,4,8,0,8,4,1,5,3,50.00%,3,50.00%,6,"[{'formation': '4-2-3-1', 'played': 17}, {'formation': '4-4-2', 'played': 9}, {'formation': '4-3-1-2', 'played': 3}, {'formation': '4-3-3', 'played': 3}, {'formation': '3-1-4-2', 'played': 1}, {'formation': '4-1-4-1', 'played': 1}, {'formation': '5-3-2', 'played': 1}, {'formation': '4-4-1-1', 'played': 1}]",2,2.50%,11,13.75%,14,17.50%,9,11.25%,16,20.00%,17,21.25%,10,12.50%,0.0,0.0,0.0,0,1.0,11.11%,0.0,0,1.0,11.11%,4.0,44.44%,1.0,11.11%,2.0,22.22%,0.0,0.0,0.0,0,1.0,1.25%,12,12,12,0.28459555106167844,0.3595564096404835,0.25419820816157124,0.32593242153798285,0.6831232001123833,0.8912461027169631,0.38071895424836605
2290,Club Queretaro,300,127,28,57,20,134,11460,264,593,147,304,3248,1609,453,214,393,425,69,2,6,1,0,0,6.737275024,0.0,0.41411764705882,55,81,178,42,108,70,213,73,37,42,4,65,5713,4400,262,Liga MX,Mexico,https://media.api-sports.io/football/leagues/262.png,https://media.api-sports.io/flags/mx.svg,2024,2290,Club Queretaro,https://media.api-sports.io/football/teams/2290.png,LLLLLLDLWWDDLLLLWLWLLDWLLLWLWLDWLW,17,17,34,6,3,9,2,3,5,9,11,20,17,13,30,1.0,0.8,0.9,1,3.33%,3,10.00%,7,23.33%,6,20.00%,6,20.00%,5,16.67%,2,6.67%,0.0,0,21,13,7,27,2,32,0,34,0,34,22,33,55,1.3,1.9,1.6,6,10.91%,11,20.00%,13,23.64%,5,9.09%,6,10.91%,9,16.36%,5,9.09%,0.0,0,27,7,18,16,5,29,4,30,1,33,2,2,6,2-0,0-2,02-abr,5-0,3,2,4,5,5,2,7,6,7,13,1,50.00%,1,50.00%,2,"[{'formation': '4-4-2', 'played': 9}, {'formation': '4-2-3-1', 'played': 7}, {'formation': '4-1-4-1', 'played': 6}, {'formation': '5-4-1', 'played': 3}, {'formation': '4-3-3', 'played': 3}, {'formation': '5-3-2', 'played': 2}, {'formation': '4-1-3-2', 'played': 2}, {'formation': '3-5-2', 'played': 1}, {'formation': '4-5-1', 'played': 1}]",2,2.56%,6,7.69%,12,15.38%,18,23.08%,17,21.79%,19,24.36%,4,5.13%,0.0,0.0,1.0,11.11%,0.0,0,1.0,11.11%,3.0,33.33%,2.0,22.22%,1.0,11.11%,1.0,11.11%,0.0,0.0,0.0,0,0.0,0,9,5,20,0.5530983336385273,0.0,0.32089977429535654,0.4842510218802598,0.21729469044560057,0.38941634072847897,0.5812908496732028
2291,Puebla,282,123,29,51,14,105,10784,288,612,125,349,3220,1523,529,241,310,464,84,3,4,5,0,2,6.698691111,0.0,0.38941176470588,66,84,207,57,103,95,178,74,20,36,3,61,5170,3891,262,Liga MX,Mexico,https://media.api-sports.io/football/leagues/262.png,https://media.api-sports.io/flags/mx.svg,2024,2291,Puebla,https://media.api-sports.io/football/teams/2291.png,WLDLLWDWLLLLLLWLLDLDLWLLWLLLLLDLLL,17,17,34,4,2,6,2,3,5,11,12,23,18,11,29,1.1,0.6,0.9,6,20.00%,3,10.00%,2,6.67%,7,23.33%,4,13.33%,5,16.67%,3,10.00%,0.0,0,22,12,7,27,0,34,0,34,0,34,27,29,56,1.6,1.7,1.6,9,16.36%,5,9.09%,10,18.18%,13,23.64%,8,14.55%,3,5.45%,7,12.73%,0.0,0,28,6,18,16,7,27,2,32,1,33,1,1,6,2-0,0-2,0-3,5-0,2,2,3,5,4,2,6,4,8,12,5,83.33%,1,16.67%,6,"[{'formation': '5-3-2', 'played': 12}, {'formation': '4-2-3-1', 'played': 5}, {'formation': '3-4-1-2', 'played': 5}, {'formation': '4-1-4-1', 'played': 4}, {'formation': '5-4-1', 'played': 4}, {'formation': '3-5-2', 'played': 2}, {'formation': '4-4-2', 'played': 1}, {'formation': '3-4-3', 'played': 1}]",6,7.23%,10,12.05%,12,14.46%,15,18.07%,15,18.07%,16,19.28%,8,9.64%,0.0,0.0,0.0,0,0.0,0,2.0,33.33%,1.0,16.67%,1.0,16.67%,2.0,33.33%,0.0,0,0.0,0.0,0.0,0,1.0,1.20%,6,5,23,0.4725581395348839,0.12106653855392735,0.0,0.36000240442414033,0.3022676228377792,0.1556293192577678,0.5812908496732028
2292,Pachuca,500,235,63,54,40,107,15533,459,718,101,355,4302,2158,887,415,540,494,99,0,12,3,2,0,6.8144925,45.0,0.49470588235294,75,111,240,54,129,111,215,100,34,45,6,49,7064,5784,262,Liga MX,Mexico,https://media.api-sports.io/football/leagues/262.png,https://media.api-sports.io/flags/mx.svg,2024,2292,Pachuca,https://media.api-sports.io/football/teams/2292.png,LDWLLDLDWLLLDLWLLWWWDLLWLWDDWLWWDLWDL,18,19,37,7,5,12,6,3,9,5,11,16,26,25,51,1.4,1.3,1.4,4,8.33%,5,10.42%,8,16.67%,10,20.83%,8,16.67%,10,20.83%,3,6.25%,0.0,0,26,11,14,23,5,32,3,34,2,35,20,35,55,1.1,1.8,1.5,7,12.07%,11,18.97%,7,12.07%,13,22.41%,9,15.52%,8,13.79%,3,5.17%,0.0,0,30,7,20,17,4,33,1,36,0,37,3,2,3,06-feb,03-may,02-abr,3-0,6,5,4,3,5,2,7,6,5,11,1,50.00%,1,50.00%,2,"[{'formation': '4-2-3-1', 'played': 32}, {'formation': '4-4-2', 'played': 3}, {'formation': '4-1-4-1', 'played': 1}, {'formation': '4-2-2-2', 'played': 1}]",6,6.59%,8,8.79%,17,18.68%,21,23.08%,14,15.38%,20,21.98%,5,5.49%,0.0,0.0,0.0,0,1.0,8.33%,2.0,16.67%,4.0,33.33%,1.0,8.33%,3.0,25.00%,1.0,8.33%,0.0,0.0,0.0,0,0.0,0,12,9,16,0.281380504700643,0.7959306892768339,0.7014814575946411,0.10065601788371681,0.48172670401814854,0.09371752264135869,0.7512254901960784
2295,Cruz Azul,589,258,87,71,71,142,21779,571,846,100,331,4238,2076,664,315,486,575,92,0,6,10,2,4,6.788773784,48.4,0.58857142857143,115,153,344,76,226,118,230,125,28,39,4,36,10631,9087,262,Liga MX,Mexico,https://media.api-sports.io/football/leagues/262.png,https://media.api-sports.io/flags/mx.svg,2024,2295,Cruz Azul,https://media.api-sports.io/football/teams/2295.png,WWWDWWWLWWWWWWWDDLWDLDLDWWWLWWDDWWWDWDWWWL,21,21,42,15,11,26,5,5,10,1,5,6,43,35,78,2.0,1.7,1.9,13,16.67%,8,10.26%,12,15.38%,16,20.51%,10,12.82%,11,14.10%,8,10.26%,0.0,0,38,4,23,19,13,29,4,38,0,42,15,25,40,0.7,1.2,1.0,6,15.00%,8,20.00%,6,15.00%,8,20.00%,5,12.50%,6,15.00%,1,2.50%,0.0,0,25,17,11,31,3,39,1,41,0,42,7,2,1,4-0,0-4,03-abr,3-0,4,4,4,3,10,7,17,0,4,4,6,75.00%,2,25.00%,8,"[{'formation': '3-4-2-1', 'played': 9}, {'formation': '3-1-4-2', 'played': 8}, {'formation': '3-5-1-1', 'played': 6}, {'formation': '3-5-2', 'played': 5}, {'formation': '3-4-3', 'played': 4}, {'formation': '5-4-1', 'played': 3}, {'formation': '5-3-2', 'played': 2}, {'formation': '4-5-1', 'played': 1}, {'formation': '4-3-3', 'played': 1}, {'formation': '4-4-2', 'played': 1}, {'formation': '3-4-1-2', 'played': 1}, {'formation': '4-1-4-1', 'played': 1}]",6,6.82%,4,4.55%,15,17.05%,13,14.77%,18,20.45%,21,23.86%,10,11.36%,0.0,0.0,0.0,0,0.0,0,1.0,16.67%,0.0,0,4.0,66.67%,0.0,0,1.0,16.67%,0.0,0.0,0.0,0,1.0,1.14%,26,10,6,0.4612777176852352,0.9999999999999998,0.17961554620740783,0.5475456472562577,0.8656298136529283,0.10854147394387925,0.47630718954248363
2298,FC Juarez,315,134,39,54,28,106,13498,313,565,94,345,3441,1630,618,256,405,439,87,1,4,2,1,0,6.74526525,43.0,0.46705882352941,69,82,210,59,115,95,192,79,21,44,2,56,6214,5009,262,Liga MX,Mexico,https://media.api-sports.io/football/leagues/262.png,https://media.api-sports.io/flags/mx.svg,2024,2298,FC Juarez,https://media.api-sports.io/football/teams/2298.png,DLLLLLWLLWWLLLWDWDWLWLWWLWDLDWDDDLD,18,17,35,5,6,11,6,3,9,7,8,15,22,17,39,1.2,1.0,1.1,3,7.32%,7,17.07%,6,14.63%,13,31.71%,7,17.07%,1,2.44%,3,7.32%,1.0,2.44%,25,10,13,22,1,34,0,35,0,35,28,30,58,1.6,1.8,1.7,8,13.56%,7,11.86%,4,6.78%,10,16.95%,11,18.64%,12,20.34%,5,8.47%,2.0,3.39%,27,8,16,19,9,26,5,30,1,34,2,3,5,2-0,0-2,0-4,5-0,2,3,4,5,4,4,8,3,7,10,3,37.50%,5,62.50%,8,"[{'formation': '4-2-3-1', 'played': 21}, {'formation': '4-4-2', 'played': 6}, {'formation': '4-1-4-1', 'played': 3}, {'formation': '4-4-1-1', 'played': 2}, {'formation': '4-3-3', 'played': 1}, {'formation': '3-2-4-1', 'played': 1}, {'formation': '5-3-2', 'played': 1}]",3,3.37%,11,12.36%,18,20.22%,15,16.85%,20,22.47%,16,17.98%,6,6.74%,0.0,0.0,0.0,0,0.0,0,2.0,33.33%,1.0,16.67%,1.0,16.67%,0.0,0,1.0,16.67%,0.0,0.0,1.0,16.67%,0.0,0,11,9,15,0.5398238458868447,0.2020658179197694,0.2555443388233716,0.2185291265599032,0.6092404998432714,0.07889357133883834,0.0
2314,Atletico San Luis,335,164,51,55,33,121,17783,336,581,116,327,3225,1597,540,235,446,387,52,0,1,5,1,0,6.802706806,43.33333333,0.50428571428571,102,97,253,54,153,100,209,89,26,31,0,70,9529,7978,262,Liga MX,Mexico,https://media.api-sports.io/football/leagues/262.png,https://media.api-sports.io/flags/mx.svg,2024,2314,Atletico San Luis,https://media.api-sports.io/football/teams/2314.png,WDLDWLWLWLWWLWWDWWDWLLWLLLLLLWLWLWWLLW,19,19,38,13,4,17,1,3,4,5,12,17,35,18,53,1.8,0.9,1.4,5,9.62%,7,13.46%,7,13.46%,15,28.85%,8,15.38%,8,15.38%,2,3.85%,0.0,0,28,10,16,22,7,31,2,36,0,38,21,37,58,1.1,1.9,1.5,7,11.86%,8,13.56%,10,16.95%,13,22.03%,8,13.56%,9,15.25%,4,6.78%,0.0,0,31,7,16,22,9,29,1,37,1,37,2,1,6,4-0,02-abr,0-3,05-ene,4,4,3,5,5,2,7,2,8,10,6,85.71%,1,14.29%,7,"[{'formation': '3-4-3', 'played': 8}, {'formation': '4-2-3-1', 'played': 7}, {'formation': '3-4-2-1', 'played': 4}, {'formation': '5-4-1', 'played': 4}, {'formation': '5-3-2', 'played': 3}, {'formation': '3-5-1-1', 'played': 3}, {'formation': '4-3-3', 'played': 3}, {'formation': '4-4-2', 'played': 2}, {'formation': '3-5-2', 'played': 2}, {'formation': '3-4-1-2', 'played': 1}, {'formation': '4-5-1', 'played': 1}]",2,3.77%,2,3.77%,4,7.55%,10,18.87%,13,24.53%,14,26.42%,8,15.09%,0.0,0.0,0.0,0,0.0,0,0.0,0,1.0,100.00%,0.0,0,0.0,0,0.0,0,0.0,0.0,0.0,0,0.0,0,17,4,17,0.1829360465116272,0.18478576937178404,0.661522737252461,0.9999999999999998,0.7199326953386658,0.26864014801110114,0.5285947712418301
14002,Mazatlán,284,112,24,43,14,101,12706,276,537,93,253,3019,1453,454,202,351,409,96,0,3,1,1,0,6.757932257,0.0,0.49647058823529,68,113,230,49,131,99,192,115,32,36,0,60,6970,5679,262,Liga MX,Mexico,https://media.api-sports.io/football/leagues/262.png,https://media.api-sports.io/flags/mx.svg,2024,14002,Mazatlán,https://media.api-sports.io/football/teams/14002.png,LDLLWDLDDLDDWDLDLDLWWLLDLWDDLWLDLL,17,17,34,5,1,6,8,5,13,4,11,15,21,5,26,1.2,0.3,0.8,1,3.85%,7,26.92%,4,15.38%,3,11.54%,1,3.85%,7,26.92%,3,11.54%,0.0,0,18,16,6,28,2,32,0,34,0,34,22,23,45,1.3,1.4,1.3,6,13.33%,10,22.22%,5,11.11%,10,22.22%,5,11.11%,5,11.11%,4,8.89%,0.0,0,25,9,12,22,4,30,2,32,2,32,2,2,2,3-0,0-1,0-5,5-0,3,1,5,5,4,5,9,4,12,16,2,66.67%,1,33.33%,3,"[{'formation': '4-2-3-1', 'played': 7}, {'formation': '3-4-2-1', 'played': 5}, {'formation': '5-4-1', 'played': 5}, {'formation': '4-4-2', 'played': 4}, {'formation': '5-3-2', 'played': 4}, {'formation': '3-4-3', 'played': 3}, {'formation': '4-3-3', 'played': 3}, {'formation': '3-4-1-2', 'played': 1}, {'formation': '3-5-2', 'played': 1}]",6,6.19%,9,9.28%,17,17.53%,23,23.71%,8,8.25%,15,15.46%,19,19.59%,0.0,0.0,0.0,0,0.0,0,0.0,0,2.0,66.67%,0.0,0,0.0,0,1.0,33.33%,0.0,0.0,0.0,0,0.0,0,6,13,15,0.7541071428571429,0.060533269276963564,0.07721329322840331,0.0,0.18293474498038287,0.38778334731694053,1.0
